document,element,frequency_in_document
Miro,sustainable,129
Miro,sustainability,110
Miro,campus,96
Miro,energy,89
Miro,waste,86
Miro,local,80
Noda,sustainability,70
Miro,students,68
Miro,community,66
Miro,practices,66
Noda,waste,57
Miro,green,55
Noda,sustainable,53
Miro,reduce,52
Miro,water,51
Miro,food,50
Noda,energy,46
Miro,workshops,45
Noda,recycling,41
Miro,recycling,41
Miro,program,41
Miro,environmental,41
Miro,about,40
Miro,initiatives,39
Miro,events,37
Miro,composting,36
Miro,eco,36
Miro,transportation,35
Noda,environmental,34
Miro,renewable,34
Miro,friendly,34
Miro,promote,34
Miro,dining,34
Noda,initiatives,32
Miro,conservation,31
Noda,impact,30
Miro,as,30
Noda,campus,29
Noda,benefits,29
Miro,create,29
Miro,use,28
Noda,food,27
Noda,importance,27
Miro,fashion,27
Noda,reduction,26
Miro,bike,26
Miro,implement,26
Miro,organize,26
Noda,transportation,25
Miro,solar,25
Miro,their,25
Miro,campaigns,25
Miro,club,25
Miro,reducing,24
Miro,such,24
Miro,educate,24
Miro,awareness,24
Miro,where,24
Miro,can,24
Miro,encourage,23
Noda,programs,22
Miro,zero,22
Miro,educational,22
Miro,promoting,21
Miro,clubs,21
Miro,encouraging,21
Miro,materials,21
Miro,develop,21
Miro,public,21
Noda,community,20
Noda,conservation,20
Miro,hall,20
Miro,programs,20
Miro,establish,20
Miro,businesses,20
Noda,college,19
Miro,more,19
Miro,projects,19
Miro,buildings,19
Miro,provide,19
Miro,up,19
Noda,composting,18
Noda,projects,18
Miro,host,18
Miro,staff,18
Noda,practices,17
Noda,panels,17
Noda,education,17
Miro,clean,17
Miro,products,17
Noda,solar,16
Miro,panels,16
Miro,gardens,16
Miro,education,16
Miro,incentives,16
Miro,options,16
Miro,student,16
Miro,focused,16
Miro,through,16
Miro,carbon,16
Miro,garden,16
Noda,more,15
Noda,cost,15
Miro,spaces,15
Miro,systems,15
Miro,organizations,15
Miro,biodiversity,15
Miro,challenge,15
Miro,consumption,15
Miro,living,15
Miro,by,15
Miro,featuring,15
Noda,water,14
Noda,research,14
Noda,awareness,14
Miro,bins,14
Miro,agriculture,14
Miro,efficient,14
Miro,event,14
Miro,sources,14
Miro,initiative,14
Miro,launch,14
Noda,efficient,13
Noda,events,13
Miro,dorms,13
Miro,usage,13
Miro,building,13
Miro,organizing,13
Miro,wide,13
Miro,resources,13
Miro,efforts,13
Miro,reduction,13
Miro,plant,13
Miro,members,13
Noda,reducing,12
Noda,green,12
Noda,student,12
Noda,strategies,12
Noda,savings,12
Noda,reduce,12
Miro,wind,12
Miro,saving,12
Miro,film,12
Miro,install,12
Miro,offer,12
Miro,installation,12
Miro,from,12
Miro,support,12
Miro,campaign,12
Miro,topics,12
Miro,fair,12
Miro,benefits,12
Miro,climate,12
Miro,like,12
Miro,day,12
Miro,including,12
Noda,use,11
Noda,students,11
Miro,issues,11
Miro,importance,11
Miro,single,11
Miro,organic,11
Miro,system,11
Miro,reusable,11
Miro,collaborate,11
Miro,sharing,11
Miro,stations,11
Miro,residents,11
Miro,other,11
Miro,partner,11
Miro,transit,11
Noda,collaboration,10
Noda,local,10
Noda,efficiency,10
Noda,lighting,10
Noda,how,10
Noda,implementing,10
Noda,economic,10
Noda,increase,10
Miro,share,10
Miro,creating,10
Miro,led,10
Miro,who,10
Miro,hosting,10
Miro,carpooling,10
Miro,compost,10
Miro,an,10
Miro,using,10
Miro,wildlife,10
Miro,management,10
Miro,solutions,10
Miro,project,10
Miro,this,10
Noda,options,9
Miro,own,9
Miro,lighting,9
Miro,plastics,9
Miro,experts,9
Miro,impact,9
Miro,based,9
Miro,improve,9
Miro,among,9
Miro,participants,9
Miro,areas,9
Miro,clothing,9
Miro,tips,9
Miro,services,9
Miro,walking,9
Noda,dining,8
Noda,harvesting,8
Noda,challenges,8
Noda,educational,8
Noda,ideas,8
Noda,carbon,8
Miro,planting,8
Miro,grow,8
Miro,rainwater,8
Miro,providing,8
Miro,implementing,8
Miro,meal,8
Miro,landscaping,8
Miro,native,8
Miro,electric,8
Miro,halls,8
Miro,at,8
Miro,reliance,8
Miro,raise,8
Miro,engage,8
Miro,training,8
Miro,come,8
Miro,together,8
Miro,natural,8
Miro,budget,8
Miro,discussions,8
Miro,enhance,8
Noda,goals,7
Noda,led,7
Noda,electric,7
Noda,event,7
Noda,examples,7
Noda,involvement,7
Noda,campaigns,7
Noda,funding,7
Noda,halls,7
Noda,rain,7
Noda,footprint,7
Noda,lake,7
Miro,trees,7
Miro,harvesting,7
Miro,supporting,7
Miro,roofs,7
Miro,class,7
Miro,related,7
Miro,minimize,7
Miro,farmers,7
Miro,emissions,7
Miro,development,7
Miro,fund,7
Miro,sessions,7
Miro,information,7
Miro,items,7
Miro,purchasing,7
Miro,stewardship,7
Miro,urban,7
Miro,change,7
Miro,certification,7
Miro,them,7
Miro,around,7
Miro,ambassadors,7
Miro,biking,7
Miro,could,7
Noda,current,6
Noda,dorm,6
Noda,stations,6
Noda,money,6
Noda,resources,6
Noda,efforts,6
Noda,ways,6
Noda,types,6
Noda,technology,6
Noda,social,6
Noda,engagement,6
Noda,sources,6
Noda,bins,6
Noda,donating,6
Miro,fostering,6
Miro,fixtures,6
Miro,installing,6
Miro,infrastructure,6
Miro,increase,6
Miro,screenings,6
Miro,into,6
Miro,committee,6
Miro,make,6
Miro,costs,6
Miro,s,6
Miro,footprint,6
Miro,fossil,6
Miro,fuels,6
Miro,habitat,6
Miro,faculty,6
Miro,showcasing,6
Miro,new,6
Miro,free,6
Miro,regular,6
Miro,production,6
Miro,action,6
Miro,audits,6
Miro,tree,6
Miro,quality,6
Miro,educating,6
Miro,focus,6
Miro,advocate,6
Miro,cooking,6
Miro,documentaries,6
Miro,habitats,6
Noda,limited,5
Noda,spending,5
Noda,progress,5
Noda,heating,5
Noda,long,5
Noda,term,5
Noda,upgrades,5
Noda,bike,5
Noda,vehicle,5
Noda,charging,5
Noda,plan,5
Noda,environment,5
Noda,budget,5
Noda,promoting,5
Noda,workshops,5
Noda,collection,5
Noda,change,5
Noda,culture,5
Noda,curriculum,5
Noda,pros,5
Noda,opportunities,5
Noda,sharing,5
Noda,management,5
Noda,cleaning,5
Noda,definition,5
Noda,portion,5
Noda,control,5
Noda,tech,5
Miro,utensils,5
Miro,recycled,5
Miro,turbines,5
Miro,generate,5
Miro,existing,5
Miro,drives,5
Miro,research,5
Miro,stormwater,5
Miro,runoff,5
Miro,vehicles,5
Miro,participate,5
Miro,digital,5
Miro,volunteer,5
Miro,opportunities,5
Miro,appliances,5
Miro,containers,5
Miro,choices,5
Miro,series,5
Miro,strategies,5
Miro,improved,5
Miro,parks,5
Miro,identify,5
Miro,discounts,5
Miro,prioritize,5
Miro,schools,5
Miro,air,5
Miro,policies,5
Miro,panel,5
Miro,sus,5
Miro,gardening,5
Miro,advocacy,5
Miro,efficiency,5
Miro,informational,5
Miro,followed,5
Miro,set,5
Miro,engagement,5
Miro,festival,5
Miro,show,5
Miro,communities,5
Miro,advocates,5
Miro,discussing,5
Miro,techniques,5
Miro,how,5
Miro,environment,5
Miro,long,5
Miro,adopt,5
Miro,parking,5
Noda,as,4
Noda,infrastructure,4
Noda,program,4
Noda,share,4
Noda,new,4
Noda,policies,4
Noda,development,4
Noda,team,4
Noda,changes,4
Noda,financial,4
Noda,project,4
Noda,future,4
Noda,government,4
Noda,partnerships,4
Noda,paper,4
Noda,renewable,4
Noda,staff,4
Noda,donation,4
Noda,swipe,4
Miro,upgrades,4
Miro,low,4
Miro,raising,4
Miro,participation,4
Miro,grants,4
Miro,propose,4
Miro,vendors,4
Miro,plants,4
Miro,rain,4
Miro,etc,4
Miro,specific,4
Miro,funding,4
Miro,allowing,4
Miro,actively,4
Miro,dorm,4
Miro,times,4
Miro,soil,4
Miro,eating,4
Miro,habits,4
Miro,introduce,4
Miro,take,4
Miro,plastic,4
Miro,produce,4
Miro,farming,4
Miro,construction,4
Miro,insulation,4
Miro,comprehensive,4
Miro,technology,4
Miro,charging,4
Miro,challenges,4
Miro,tech,4
Miro,off,4
Miro,school,4
Miro,home,4
Miro,all,4
Miro,proper,4
Miro,policy,4
Miro,partnerships,4
Miro,competitions,4
Miro,bring,4
Miro,swap,4
Miro,exchange,4
Miro,practical,4
Miro,lifestyle,4
Miro,swaps,4
Miro,plan,4
Miro,group,4
Miro,technologies,4
Miro,month,4
Miro,restoration,4
Miro,films,4
Miro,collection,4
Miro,allocate,4
Miro,funds,4
Miro,diy,4
Miro,cleaning,4
Miro,along,4
Miro,roof,4
Miro,focusing,4
Miro,peers,4
Miro,cycling,4
Miro,lanes,4
Miro,passes,4
Miro,pathways,4
Miro,farms,4
Miro,curriculum,4
Miro,app,4
Miro,upcycling,4
Miro,those,4
Miro,transport,4
Miro,promotes,4
Miro,packaging,4
Noda,amount,3
Noda,communities,3
Noda,time,3
Noda,hall,3
Noda,improvement,3
Noda,allocate,3
Noda,utensils,3
Noda,rainwater,3
Noda,positive,3
Noda,brand,3
Noda,image,3
Noda,run,3
Noda,fundraisers,3
Noda,making,3
Noda,planning,3
Noda,creating,3
Noda,evaluating,3
Noda,individual,3
Noda,study,3
Noda,resistance,3
Noda,buildings,3
Noda,monitoring,3
Noda,tracking,3
Noda,health,3
Noda,supporting,3
Noda,ensuring,3
Noda,donations,3
Noda,science,3
Noda,humanities,3
Noda,friendly,3
Noda,what,3
Noda,can,3
Noda,educating,3
Noda,committee,3
Noda,reusable,3
Noda,sustenability,3
Noda,recycle,3
Noda,increasing,3
Noda,items,3
Noda,building,3
Noda,systems,3
Noda,cons,3
Noda,solutions,3
Noda,single,3
Noda,seminars,3
Noda,industry,3
Noda,garden,3
Noda,understanding,3
Noda,bow,3
Noda,shuttle,3
Miro,seminars,3
Miro,electronic,3
Miro,electricity,3
Miro,accessible,3
Miro,investing,3
Miro,retrofitting,3
Miro,smart,3
Miro,flow,3
Miro,guest,3
Miro,signage,3
Miro,innovative,3
Miro,collaboration,3
Miro,partnering,3
Miro,increasing,3
Miro,bicycles,3
Miro,bottles,3
Miro,making,3
Miro,paper,3
Miro,maybe,3
Miro,specifically,3
Miro,decision,3
Miro,compete,3
Miro,card,3
Miro,platform,3
Miro,involvement,3
Miro,real,3
Miro,lower,3
Miro,college,3
Miro,locally,3
Miro,ingredients,3
Miro,economy,3
Miro,fresh,3
Miro,used,3
Miro,conserve,3
Miro,implementation,3
Miro,cars,3
Miro,vehicle,3
Miro,measures,3
Miro,innovation,3
Miro,includes,3
Miro,alternatives,3
Miro,points,3
Miro,design,3
Miro,scale,3
Miro,various,3
Miro,disciplines,3
Miro,ways,3
Miro,informative,3
Miro,meetings,3
Miro,litter,3
Miro,within,3
Miro,ensuring,3
Miro,supplies,3
Miro,not,3
Miro,inspire,3
Miro,conduct,3
Miro,improvement,3
Miro,discounted,3
Miro,which,3
Miro,most,3
Miro,skills,3
Miro,collaborating,3
Miro,option,3
Miro,health,3
Miro,network,3
Miro,talks,3
Miro,changes,3
Miro,trash,3
Miro,outreach,3
Miro,procurement,3
Miro,product,3
Miro,invest,3
Miro,activists,3
Miro,demonstrations,3
Miro,investments,3
Miro,species,3
Miro,made,3
Miro,upcycled,3
Miro,transition,3
Miro,maintenance,3
Miro,become,3
Miro,subsidized,3
Miro,pedestrian,3
Miro,hands,3
Miro,learning,3
Miro,restore,3
Miro,competition,3
Miro,classes,3
Miro,integrate,3
Miro,across,3
Miro,art,3
Miro,park,3
Miro,paths,3
Miro,provides,3
Miro,talk,3
Miro,homes,3
Miro,ethical,3
Miro,start,3
Miro,serve,3
Miro,foster,3
Miro,culture,3
Miro,peer,3
Miro,racks,3
Miro,time,3
Miro,brands,3
Miro,prizes,3
Miro,startups,3
Miro,dedicated,3
Miro,ai,3
Miro,shuttle,3
Miro,rides,3
Miro,schedules,3
Miro,outdoor,3
Noda,bathroom,2
Noda,lights,2
Noda,active,2
Noda,shower,2
Noda,heads,2
Noda,assess,2
Noda,habits,2
Noda,identify,2
Noda,areas,2
Noda,set,2
Noda,funds,2
Noda,monitor,2
Noda,adjust,2
Noda,needed,2
Noda,landscaping,2
Noda,reductiom,2
Noda,ride,2
Noda,carpool,2
Noda,compostable,2
Noda,coffee,2
Noda,cup,2
Noda,lids,2
Noda,schoolwide,2
Noda,raise,2
Noda,donate,2
Noda,conduct,2
Noda,evaluate,2
Noda,implement,2
Noda,do,2
Noda,people,2
Noda,care,2
Noda,about,2
Noda,setting,2
Noda,establishing,2
Noda,securing,2
Noda,activities,2
Noda,data,2
Noda,analysis,2
Noda,evaluation,2
Noda,based,2
Noda,value,2
Noda,gardens,2
Noda,academic,2
Noda,adjusting,2
Noda,make,2
Noda,policy,2
Noda,conserving,2
Noda,hands,2
Noda,learning,2
Noda,healthier,2
Noda,initial,2
Noda,investment,2
Noda,support,2
Noda,addressing,2
Noda,climate,2
Noda,incorporating,2
Noda,availability,2
Noda,not,2
Noda,all,2
Noda,responsibility,2
Noda,competitions,2
Noda,class,2
Noda,assemble,2
Noda,bottles,2
Noda,each,2
Noda,submit,2
Noda,sust,2
Noda,ind,2
Noda,projecrs,2
Noda,paulson,2
Noda,initiative,2
Noda,prizws,2
Noda,ppl,2
Noda,who,2
Noda,mosr,2
Noda,plasric,2
Noda,sure,2
Noda,fauna,2
Noda,suited,2
Noda,habitat,2
Noda,innovation,2
Noda,speakers,2
Noda,within,2
Noda,engaging,2
Noda,low,2
Noda,methods,2
Noda,limitations,2
Noda,costs,2
Noda,public,2
Noda,pollution,2
Noda,being,2
Noda,n,2
Noda,clothes,2
Noda,convenient,2
Noda,increased,2
Noda,reuse,2
Noda,eco,2
Noda,behavioral,2
Noda,info,2
Noda,rrr,2
Noda,es,2
Noda,classes,2
Noda,buckets,2
Noda,disposal,2
Noda,sus,2
Noda,sustanibility,2
Noda,stakeholder,2
Noda,assessing,2
Noda,contamination,2
Noda,resource,2
Noda,radiator,2
Noda,renovations,2
Noda,professionals,2
Noda,cleanup,2
Noda,promote,2
Noda,plastics,2
Noda,clean,2
Noda,case,2
Noda,waban,2
Noda,at,2
Noda,organizations,2
Noda,encourage,2
Noda,hiring,2
Noda,potential,2
Noda,reduces,2
Noda,outside,2
Noda,meal,2
Noda,no,2
Miro,0,2
Miro,res,2
Miro,clothes,2
Miro,reduced,2
Miro,loco,2
Miro,expand,2
Miro,sense,2
Miro,enhancing,2
Miro,clear,2
Miro,establishing,2
Miro,financial,2
Miro,meatless,2
Miro,vegetarian,2
Miro,shows,2
Miro,environmentally,2
Miro,themed,2
Miro,improvements,2
Miro,reward,2
Miro,bathrooms,2
Miro,government,2
Miro,do,2
Miro,lab,2
Miro,processes,2
Miro,initiate,2
Miro,progress,2
Miro,tracked,2
Miro,shared,2
Miro,dashboard,2
Miro,have,2
Miro,amount,2
Miro,semester,2
Miro,track,2
Miro,online,2
Miro,nutrient,2
Miro,rich,2
Miro,utility,2
Miro,biodegradable,2
Miro,out,2
Miro,source,2
Miro,grown,2
Miro,meals,2
Miro,only,2
Miro,what,2
Miro,faucets,2
Miro,landfills,2
Miro,creation,2
Miro,reuse,2
Miro,irrigation,2
Miro,municipal,2
Miro,establishment,2
Miro,integration,2
Miro,monitor,2
Miro,speaker,2
Miro,assignments,2
Miro,activities,2
Miro,guidelines,2
Miro,designated,2
Miro,academic,2
Miro,small,2
Miro,while,2
Miro,compostable,2
Miro,fruits,2
Miro,vegetables,2
Miro,herbs,2
Miro,pick,2
Miro,beautify,2
Miro,types,2
Miro,our,2
Miro,tracking,2
Miro,lights,2
Miro,electronics,2
Miro,when,2
Miro,ideas,2
Miro,communications,2
Miro,earn,2
Miro,prize,2
Miro,recognition,2
Miro,special,2
Miro,offers,2
Miro,interested,2
Miro,market,2
Miro,sourced,2
Miro,attendees,2
Miro,activity,2
Miro,documentary,2
Miro,nights,2
Miro,empowering,2
Miro,neighborhood,2
Miro,improving,2
Miro,cafes,2
Miro,instead,2
Miro,associated,2
Miro,thrifting,2
Miro,activism,2
Miro,locations,2
Miro,better,2
Miro,rooftops,2
Miro,constructions,2
Miro,fundraiser,2
Miro,orgs,2
Miro,scientists,2
Miro,will,2
Miro,society,2
Miro,maintain,2
Miro,explore,2
Miro,hackathons,2
Miro,farm,2
Miro,table,2
Miro,meet,2
Miro,screen,2
Miro,aside,2
Miro,beaches,2
Miro,neighborhoods,2
Miro,designate,2
Miro,permaculture,2
Miro,data,2
Miro,insights,2
Miro,enhancement,2
Miro,industry,2
Miro,inviting,2
Miro,thrifted,2
Miro,xeriscaping,2
Miro,people,2
Miro,leading,2
Miro,best,2
Miro,offering,2
Miro,protect,2
Miro,corridors,2
Miro,teach,2
Miro,healthier,2
Miro,work,2
Miro,sale,2
Miro,recyclable,2
Miro,sort,2
Miro,children,2
Miro,center,2
Miro,near,2
Miro,incorporate,2
Miro,users,2
Miro,success,2
Miro,stories,2
Miro,steps,2
Miro,individuals,2
Miro,session,2
Miro,regenerative,2
Miro,presentation,2
Miro,discussion,2
Miro,footprints,2
Miro,preserving,2
Miro,architects,2
Miro,builders,2
Miro,designs,2
Miro,your,2
Miro,latest,2
Miro,would,2
Miro,space,2
Miro,encourages,2
Miro,bottle,2
Miro,refill,2
Miro,grant,2
Miro,connect,2
Miro,hand,2
Miro,shopping,2
Miro,social,2
Miro,media,2
Miro,distribute,2
Miro,daily,2
Miro,lives,2
Miro,decrease,2
Miro,marketplace,2
Miro,sourcing,2
Miro,conferences,2
Miro,donate,2
Miro,classrooms,2
Miro,learn,2
Miro,nature,2
Miro,innovations,2
Miro,highlight,2
Miro,expo,2
Miro,circular,2
Miro,book,2
Miro,sales,2
Miro,incentive,2
Miro,train,2
Miro,benches,2
Miro,heat,2
Miro,carpool,2
Miro,spots,2
Miro,authorities,2
Miro,guides,2
Miro,calendar,2
Miro,e,2
Miro,designing,2
Miro,leadership,2
Noda,organizing,1
Noda,schedule,1
Noda,assigning,1
Noda,tasks,1
Noda,hosting,1
Noda,conducting,1
Noda,success,1
Noda,design,1
Noda,findings,1
Noda,recommendations,1
Noda,evidence,1
Noda,decisions,1
Noda,improved,1
Noda,better,1
Noda,outcomes,1
Noda,implementation,1
Noda,unforeseen,1
Noda,consequences,1
Noda,skill,1
Noda,experts,1
Noda,actions,1
Noda,teamwork,1
Noda,skills,1
Noda,personal,1
Noda,growth,1
Noda,work,1
Noda,consuming,1
Noda,stllabus,1
Noda,protecting,1
Noda,biodiversity,1
Noda,online,1
Noda,corporate,1
Noda,sponsorships,1
Noda,teaching,1
Noda,various,1
Noda,disciplines,1
Noda,business,1
Noda,economics,1
Noda,arts,1
Noda,environmentally,1
Noda,plastic,1
Noda,biodegradable,1
Noda,option,1
Noda,expensive,1
Noda,facilities,1
Noda,accept,1
Noda,them,1
Noda,things,1
Noda,we,1
Noda,agriculture,1
Noda,advocating,1
Noda,petitioning,1
Noda,collaborating,1
Noda,relevance,1
Noda,subjects,1
Noda,integrating,1
Noda,interdisciplinary,1
Noda,approaches,1
Noda,integration,1
Noda,preservation,1
Noda,improve,1
Noda,terms,1
Noda,100000,1
Noda,dollars,1
Noda,generate,1
Noda,towards,1
Noda,where,1
Noda,could,1
Noda,invest,1
Noda,help,1
Noda,its,1
Noda,own,1
Noda,initiating,1
Noda,dorms,1
Noda,key,1
Noda,replace,1
Noda,towels,1
Noda,automatic,1
Noda,dryers,1
Noda,recyclability,1
Noda,specifically,1
Noda,stone,1
Noda,d,1
Noda,multiuse,1
Noda,goods,1
Noda,15,1
Noda,harvest,1
Noda,wind,1
Noda,turbines,1
Noda,leed,1
Noda,certification,1
Noda,flow,1
Noda,fixtures,1
Noda,rooftop,1
Noda,surface,1
Noda,runoff,1
Noda,groundwater,1
Noda,recharge,1
Noda,space,1
Noda,intermittency,1
Noda,issues,1
Noda,maintenance,1
Noda,modes,1
Noda,physical,1
Noda,removal,1
Noda,chemical,1
Noda,treatments,1
Noda,biological,1
Noda,materials,1
Noda,overview,1
Noda,incentives,1
Noda,products,1
Noda,role,1
Noda,directions,1
Noda,constraints,1
Noda,appliances,1
Noda,mugs,1
Noda,appropriate,1
Noda,accurate,1
Noda,saving,1
Noda,electricity,1
Noda,shortage,1
Noda,car,1
Noda,pooling,1
Noda,system,1
Noda,less,1
Noda,during,1
Noda,club,1
Noda,concret,1
Noda,thjngs,1
Noda,absteact,1
Noda,veg,1
Noda,dhalls,1
Noda,logistics,1
Noda,grants,1
Noda,sustaunability,1
Noda,recruitment,1
Noda,members,1
Noda,action,1
Noda,plans,1
Noda,stakeholders,1
Noda,execution,1
Noda,curbside,1
Noda,centers,1
Noda,e,1
Noda,technologies,1
Noda,emissions,1
Noda,reduced,1
Noda,landfill,1
Noda,effectiveness,1
Noda,reusing,1
Noda,businesses,1
Noda,up,1
Noda,tree,1
Noda,planting,1
Noda,shared,1
Noda,enhanced,1
Noda,successful,1
Noda,collaborations,1
Noda,market,1
Noda,viability,1
Noda,oncampus,1
Noda,repurposing,1
Noda,thrifting,1
Noda,makerspace,1
Noda,collab,1
Noda,cardboard,1
Noda,sculpture,1
Noda,competiton,1
Noda,non,1
Noda,leaky,1
Noda,sinks,1
Noda,timed,1
Noda,cycled,1
Noda,ongoing,1
Noda,construction,1
Noda,little,1
Noda,bit,1
Noda,film,1
Noda,screenings,1
Noda,panel,1
Noda,discussions,1
Noda,1,1
Noda,2,1
Noda,platforming,1
Noda,mind,1
Noda,snow,1
Noda,usage,1
Noda,adjustments,1
Noda,prevention,1
Noda,containers,1
Noda,training,1
Noda,integrate,1
Noda,topics,1
Noda,real,1
Noda,world,1
Noda,critical,1
Noda,thinking,1
Noda,guest,1
Noda,field,1
Noda,trips,1
Noda,area,1
Noda,airport,1
Noda,eliminate,1
Noda,by,1
Noda,using,1
Noda,comportable,1
Noda,alternatives,1
Noda,uses,1
Noda,offers,1
Noda,variety,1
Noda,allows,1
Noda,customization,1
Noda,promotes,1
Noda,cross,1
Noda,overeating,1
Noda,higher,1
Noda,campuses,1
Noda,participation,1
Noda,standards,1
Noda,preparation,1
Noda,menu,1
Noda,serving,1
Noda,self,1
Noda,serve,1
Noda,assistance,1
Noda,eliminating,1
Noda,lessons,1
Noda,yearlong,1
Noda,markets,1
Noda,sci,1
Noda,triage,1
Noda,garbage,1
Noda,donattion,1
Noda,throughout,1
Noda,evironmental,1
Noda,pr,1
Noda,performance,1
Noda,emotional,1
Noda,similarity,1
Noda,comparison,1
Noda,analogous,1
Noda,uniformity,1
Noda,resemblance,1
Noda,association,1
Noda,affinity,1
Noda,educate,1
Noda,implications,1
Noda,lack,1
Noda,decrease,1
Noda,open,1
Noda,hours,1
Noda,give,1
Noda,opportunity,1
Noda,consume,1
Noda,leftovers,1
Noda,improving,1
Noda,howto,1
Noda,derease,1
Noda,factors,1
Noda,temperature,1
Noda,light,1
Noda,proper,1
Noda,60k,1
Noda,carpooling,1
Noda,vehicles,1
Noda,high,1
Noda,compost,1
Noda,papers,1
Noda,adding,1
Noda,mgmt,1
Noda,trash,1
Noda,cans,1
Noda,requiring,1
Noda,b,1
Noda,coops,1
Noda,amazon,1
Noda,boxes,1
Noda,packages,1
Noda,provide,1
Noda,extremely,1
Noda,bad,1
Noda,free,1
Noda,alt,1
Noda,clg,1
Noda,govn,1
Noda,med,1
Miro,5,1
Miro,given,1
Miro,each,1
Miro,organized,1
Miro,closets,1
Miro,library,1
Miro,less,1
Miro,sprinklers,1
Miro,thermostats,1
Miro,lectures,1
Miro,scholarships,1
Miro,joint,1
Miro,amplify,1
Miro,mondays,1
Miro,vegan,1
Miro,festivals,1
Miro,concerts,1
Miro,formation,1
Miro,incorporating,1
Miro,discourage,1
Miro,tapping,1
Miro,machine,1
Miro,personal,1
Miro,trach,1
Miro,lecture,1
Miro,renovating,1
Miro,places,1
Miro,currently,1
Miro,wasteful,1
Miro,kitchens,1
Miro,having,1
Miro,swipe,1
Miro,particular,1
Miro,flex,1
Miro,dollars,1
Miro,earned,1
Miro,swiping,1
Miro,least,1
Miro,certain,1
Miro,number,1
Miro,sure,1
Miro,workers,1
Miro,prepared,1
Miro,connects,1
Miro,world,1
Miro,suppliers,1
Miro,served,1
Miro,rooftop,1
Miro,further,1
Miro,external,1
Miro,trayless,1
Miro,they,1
Miro,eat,1
Miro,dishwashing,1
Miro,divert,1
Miro,collect,1
Miro,purposes,1
Miro,need,1
Miro,supply,1
Miro,introduction,1
Miro,rates,1
Miro,sent,1
Miro,optimize,1
Miro,focuses,1
Miro,scraps,1
Miro,leveraging,1
Miro,supported,1
Miro,initial,1
Miro,ongoing,1
Miro,specialized,1
Miro,chemicals,1
Miro,components,1
Miro,drop,1
Miro,inter,1
Miro,departmental,1
Miro,between,1
Miro,networking,1
Miro,following,1
Miro,switch,1
Miro,plates,1
Miro,podcast,1
Miro,strengthen,1
Miro,educated,1
Miro,different,1
Miro,individual,1
Miro,prioritizes,1
Miro,buying,1
Miro,any,1
Miro,necessary,1
Miro,keeping,1
Miro,surroundings,1
Miro,presentations,1
Miro,growing,1
Miro,turn,1
Miro,speakers,1
Miro,discuss,1
Miro,generation,1
Miro,paperless,1
Miro,membership,1
Miro,fees,1
Miro,dues,1
Miro,demonstrate,1
Miro,rewards,1
Miro,credits,1
Miro,participating,1
Miro,redeemed,1
Miro,merchandise,1
Miro,tickets,1
Miro,effective,1
Miro,wins,1
Miro,recognize,1
Miro,celebrate,1
Miro,consistently,1
Miro,follow,1
Miro,annual,1
Miro,award,1
Miro,ceremony,1
Miro,badge,1
Miro,displayed,1
Miro,website,1
Miro,promotional,1
Miro,commitment,1
Miro,knowledge,1
Miro,guidance,1
Miro,adopting,1
Miro,mentorship,1
Miro,experienced,1
Miro,successfully,1
Miro,implemented,1
Miro,guide,1
Miro,newer,1
Miro,physical,1
Miro,gently,1
Miro,textile,1
Miro,teaching,1
Miro,difference,1
Miro,repair,1
Miro,broken,1
Miro,fixed,1
Miro,throwing,1
Miro,away,1
Miro,simple,1
Miro,actions,1
Miro,turning,1
Miro,ensure,1
Miro,disposal,1
Miro,recycle,1
Miro,toilets,1
Miro,showerheads,1
Miro,donation,1
Miro,works,1
Miro,closely,1
Miro,administration,1
Miro,org,1
Miro,earth,1
Miro,science,1
Miro,screening,1
Miro,storage,1
Miro,certifications,1
Miro,bin,1
Miro,administrative,1
Miro,tasks,1
Miro,25live,1
Miro,reaching,1
Miro,panelists,1
Miro,multi,1
Miro,year,1
Miro,appoint,1
Miro,treasurer,1
Miro,politicians,1
Miro,causes,1
Miro,ama,1
Miro,professors,1
Miro,picking,1
Miro,another,1
Miro,form,1
Miro,revamp,1
Miro,trainings,1
Miro,emphasizes,1
Miro,petitions,1
Miro,makers,1
Miro,innovators,1
Miro,commuting,1
Miro,corps,1
Miro,audit,1
Miro,dinners,1
Miro,criteria,1
Miro,organizers,1
Miro,barrels,1
Miro,irrigate,1
Miro,coalition,1
Miro,mobilize,1
Miro,global,1
Miro,strikes,1
Miro,percentage,1
Miro,line,1
Miro,decisions,1
Miro,consider,1
Miro,books,1
Miro,household,1
Miro,goods,1
Miro,overall,1
Miro,employees,1
Miro,equipped,1
Miro,contribute,1
Miro,organization’s,1
Miro,goals,1
Miro,impacts,1
Miro,offset,1
Miro,offsets,1
Miro,compensate,1
Miro,unavoidable,1
Miro,greenhouse,1
Miro,gases,1
Miro,elsewhere,1
Miro,harness,1
Miro,aimed,1
Miro,markets,1
Miro,demos,1
Miro,cuttings,1
Miro,connections,1
Miro,evaluate,1
Miro,effectiveness,1
Miro,adjustments,1
Miro,driven,1
Miro,q,1
Miro,birdhouses,1
Miro,bee,1
Miro,hotels,1
Miro,showcase,1
Miro,outfits,1
Miro,fast,1
Miro,its,1
Miro,needs,1
Miro,feasibility,1
Miro,retrofit,1
Miro,leed,1
Miro,standards,1
Miro,breakfast,1
Miro,groups,1
Miro,contributing,1
Miro,sequestration,1
Miro,offices,1
Miro,departments,1
Miro,planning,1
Miro,culminating,1
Miro,celebration,1
Miro,winners,1
Miro,alongside,1
Miro,facilities,1
Miro,seasonal,1
Miro,minimizing,1
Miro,operations,1
Miro,infosession,1
Miro,party,1
Miro,wells,1
Miro,hold,1
Miro,selling,1
Miro,old,1
Miro,w,1
Miro,join,1
Miro,service,1
Miro,trips,1
Miro,grander,1
Miro,upcycle,1
Miro,some,1
Miro,idea,1
Miro,kinda,1
Miro,similar,1
Miro,boston,1
Miro,city,1
Miro,reuses,1
Miro,play,1
Miro,demostration,1
Miro,especially,1
Miro,happening,1
Miro,wc,1
Miro,elements,1
Miro,wellness,1
Miro,inspired,1
Miro,target,1
Miro,locals,1
Miro,kids,1
Miro,mobile,1
Miro,everyday,1
Miro,life,1
Miro,swapping,1
Miro,experiences,1
Miro,agricultural,1
Miro,conservationists,1
Miro,actionable,1
Miro,exploration,1
Miro,industry’s,1
Miro,designers,1
Miro,ambassador,1
Miro,select,1
Miro,term,1
Miro,solution,1
Miro,opportunity,1
Miro,body,1
Miro,additionally,1
Miro,monday,1
Miro,educators,1
Miro,include,1
Miro,hvac,1
Miro,significantly,1
Miro,over,1
Miro,multiple,1
Miro,hydration,1
Miro,cover,1
Miro,catering,1
Miro,consumers,1
Miro,purchase,1
Miro,sustainably,1
Miro,second,1
Miro,curriculums,1
Miro,future,1
Miro,generations,1
Miro,responsible,1
Miro,flyers,1
Miro,posts,1
Miro,centers,1
Miro,starter,1
Miro,kits,1
Miro,eliminate,1
Miro,modes,1
Miro,installs,1
Miro,artisans,1
Miro,thrift,1
Miro,composters,1
Miro,tiny,1
Miro,edible,1
Miro,fruit,1
Miro,properly,1
Miro,motivation,1
Miro,ie,1
Miro,collected,1
Miro,startup,1
Miro,fun,1
Miro,internships,1
Miro,taught,1
Miro,adding,1
Miro,donations,1
Miro,consume,1
Miro,if,1
Miro,close,1
Miro,expiration,1
Miro,heavy,1
Miro,little,1
Miro,no,1
Miro,oppurtunities,1
Miro,cafeteria,1
Miro,3k,1
Miro,ideation,1
Miro,2k,1
Miro,investment,1
Miro,10k,1
Miro,15k,1
Miro,spam,1
Miro,grounds,1
Miro,forestry,1
Miro,weekly,1
Miro,themes,1
Miro,impactful,1
Miro,upgrade,1
Miro,replace,1
Miro,monitoring,1
Miro,understanding,1
Miro,wellesley,1
Miro,team,1
Miro,collective,1
Miro,ecosystems,1
Miro,walks,1
Miro,engages,1
Miro,rallies,1
Miro,letter,1
Miro,writing,1
Miro,explores,1
Miro,intersection,1
Miro,bonding,1
Miro,curate,1
Miro,showcases,1
Miro,involving,1
Miro,healthy,1
Miro,mindful,1
Miro,artists,1
Miro,installations,1
Miro,inspiring,1
Miro,creativity,1
Miro,landfill,1
Miro,contributions,1
Miro,lifestyles,1
Miro,chemical,1
Miro,households,1
Miro,industries,1
Miro,models,1
Miro,principles,1
Miro,reusing,1
Miro,repairing,1
Miro,extend,1
Miro,lifecycle,1
Miro,maintaining,1
Miro,literature,1
Miro,justice,1
Miro,these,1
Miro,critical,1
Miro,scarcity,1
Miro,movie,1
Miro,exploring,1
Miro,advancements,1
Miro,throughout,1
Miro,divest,1
Miro,unsustainable,1
Miro,100,1
Miro,enough,1
Miro,frequent,1
Miro,sust,1
Miro,paulson,1
Miro,ecology,1
Miro,bus,1
Miro,literacy,1
Miro,garage,1
Miro,surrounding,1
Miro,area,1
Miro,foods,1
Miro,outside,1
Miro,connection,1
Miro,chairs,1
Miro,must,1
Miro,seasonally,1
Miro,resistant,1
Miro,laundry,1
Miro,rooms,1
Miro,imformation,1
Miro,probably,1
Miro,also,1
Miro,lots,1
Miro,renovate,1
Miro,renovation,1
Miro,fix,1
Miro,bicycle,1
Miro,extensive,1
Miro,secure,1
Miro,primary,1
Miro,mode,1
Miro,buses,1
Miro,run,1
Miro,nearby,1
Miro,reserved,1
Miro,path,1
Miro,enhancements,1
Miro,appealing,1
Miro,powered,1
Miro,availability,1
Miro,environemental,1
Miro,felxible,1
Miro,flexible,1
Miro,peak,1
Miro,traffic,1
Miro,alternative,1
Miro,methods,1
Miro,emission,1
Miro,drive,1
Miro,posters,1
Miro,booths,1
Miro,during,1
Miro,courses,1
Miro,think,1
Miro,critically,1
Miro,meaningful,1
Miro,conversations,1
Miro,interactive,1
Miro,invite,1
Miro,speak,1
Miro,inspiration,1
Miro,keep,1
Miro,informed,1
Miro,engaged,1
Miro,abou,1
Miro,grassroots,1
Miro,common,1
Miro,recylcing,1
Miro,cannot,1
Miro,goal,1
Miro,safely,1
Miro,dispose,1
Miro,devices,1
Miro,container,1
Miro,drinks,1
Miro,platforms,1
Miro,amounts,1
Miro,generated,1
Miro,incentivized,1
Miro,correctly,1
Miro,stores,1
Miro,excess,1
Miro,procuement,1
Miro,minimal,1
Miro,flora,1
Miro,vertical,1
Miro,utilizing,1
Miro,walls,1
Miro,pollinator,1
Miro,bees,1
Miro,butterflies,1
Miro,pollinators,1
Miro,ecosyste,1
Miro,furniture,1
Miro,choosing,1
Miro,tables,1
Miro,recreational,1
Miro,designed,1
Miro,manage,1
Miro,developing,1
Miro,conect,1
Miro,trails,1
Miro,canopy,1
Miro,expansions,1
Miro,shade,1
Miro,aesthetics,1
Miro,setting,1
Miro,comporting,1
Miro,effects,1
Miro,strategically,1
Miro,placed,1
Miro,shops,1
Miro,memberships,1
Miro,safety,1
Miro,guided,1
Miro,walk,1
Miro,driving,1
Miro,log,1
Miro,miles,1
Miro,gift,1
Miro,cards,1
Miro,nad,1
Miro,permits,1
Miro,priority,1
Miro,vouchers,1
Miro,regularly,1
Miro,participat,1
Miro,subsidy,1
Miro,testimonials,1
Miro,planners,1
Miro,needing,1
Miro,serves,1
Miro,structures,1
Miro,servies,1
Miro,equipping,1
Miro,lead,1