document,element,value,frequency_in_document
1990,Acute_hepatitis,166343,3.12E-05
1990,Alcohol_use_disorders,116390,2.18E-05
1990,Alzheimer_s_disease_and_other_dementias,560616,0.000105236
1990,Cardiovascular_diseases,12062179,0.002264249
1990,Chronic_kidney_disease,600925,0.000112803
1990,Chronic_respiratory_diseases,3092759,0.000580557
1990,Cirrhosis_and_other_chronic_liver_diseases,1012423,0.000190047
1990,Conflict_and_terrorism,116286,2.18E-05
1990,Diabetes_mellitus,661085,0.000124095
1990,Diarrheal_diseases,2894957,0.000543426
1990,Digestive_diseases,1854392,0.000348097
1990,Drowning,460460,8.64E-05
1990,Drug_use_disorders,56133,1.05E-05
1990,Environmental_heat_and_cold_exposure,55072,1.03E-05
1990,Exposure_to_forces_of_nature,50216,9.43E-06
1990,Fire__heat__and_hot_substances,123123,2.31E-05
1990,HIV_AIDS,336059,6.31E-05
1990,Interpersonal_violence,372497,6.99E-05
1990,Lower_respiratory_infections,3318264,0.000622887
1990,Malaria,840297,0.000157736
1990,Maternal_disorders,302419,5.68E-05
1990,Meningitis,432253,8.11E-05
1990,Neonatal_disorders,3004581,0.000564004
1990,Neoplasms,5752596,0.001079847
1990,Nutritional_deficiencies,756808,0.000142064
1990,Parkinson_s_disease,147156,2.76E-05
1990,Poisonings,87951,1.65E-05
1990,Protein_energy_malnutrition,655975,0.000123136
1990,Road_injuries_,1112770,0.000208883
1990,Self_harm,738804,0.000138684
1990,Tuberculosis,1776727,0.000333518
1991,Acute_hepatitis,165276,3.05E-05
1991,Alcohol_use_disorders,122478,2.26E-05
1991,Alzheimer_s_disease_and_other_dementias,583166,0.000107709
1991,Cardiovascular_diseases,12220282,0.002257043
1991,Chronic_kidney_disease,613589,0.000113328
1991,Chronic_respiratory_diseases,3148288,0.000581478
1991,Cirrhosis_and_other_chronic_liver_diseases,1026870,0.000189659
1991,Conflict_and_terrorism,85017,1.57E-05
1991,Diabetes_mellitus,679630,0.000125525
1991,Diarrheal_diseases,2903085,0.000536189
1991,Digestive_diseases,1877515,0.00034677
1991,Drowning,454375,8.39E-05
1991,Drug_use_disorders,61890,1.14E-05
1991,Environmental_heat_and_cold_exposure,56658,1.05E-05
1991,Exposure_to_forces_of_nature,156552,2.89E-05
1991,Fire__heat__and_hot_substances,123941,2.29E-05
1991,HIV_AIDS,430725,7.96E-05
1991,Interpersonal_violence,383689,7.09E-05
1991,Lower_respiratory_infections,3282941,0.000606348
1991,Malaria,858984,0.000158651
1991,Maternal_disorders,298271,5.51E-05
1991,Meningitis,428621,7.92E-05
1991,Neonatal_disorders,2975087,0.000549488
1991,Neoplasms,5867965,0.001083792
1991,Nutritional_deficiencies,729145,0.00013467
1991,Parkinson_s_disease,150875,2.79E-05
1991,Poisonings,87813,1.62E-05
1991,Protein_energy_malnutrition,631013,0.000116546
1991,Road_injuries_,1117024,0.00020631
1991,Self_harm,752575,0.000138998
1991,Tuberculosis,1786389,0.00032994
1992,Acute_hepatitis,163687,2.98E-05
1992,Alcohol_use_disorders,131665,2.39E-05
1992,Alzheimer_s_disease_and_other_dementias,605894,0.000110184
1992,Cardiovascular_diseases,12437979,0.002261895
1992,Chronic_kidney_disease,630160,0.000114597
1992,Chronic_respiratory_diseases,3207816,0.000583354
1992,Cirrhosis_and_other_chronic_liver_diseases,1042953,0.000189665
1992,Conflict_and_terrorism,62063,1.13E-05
1992,Diabetes_mellitus,702253,0.000127707
1992,Diarrheal_diseases,2871809,0.00052225
1992,Digestive_diseases,1903759,0.000346206
1992,Drowning,447056,8.13E-05
1992,Drug_use_disorders,66826,1.22E-05
1992,Environmental_heat_and_cold_exposure,59926,1.09E-05
1992,Exposure_to_forces_of_nature,12030,2.19E-06
1992,Fire__heat__and_hot_substances,124995,2.27E-05
1992,HIV_AIDS,540070,9.82E-05
1992,Interpersonal_violence,407176,7.40E-05
1992,Lower_respiratory_infections,3258792,0.000592624
1992,Malaria,856415,0.000155742
1992,Maternal_disorders,299300,5.44E-05
1992,Meningitis,426440,7.75E-05
1992,Neonatal_disorders,2950376,0.000536537
1992,Neoplasms,5996098,0.001090414
1992,Nutritional_deficiencies,700664,0.000127418
1992,Parkinson_s_disease,154886,2.82E-05
1992,Poisonings,88435,1.61E-05
1992,Protein_energy_malnutrition,606015,0.000110206
1992,Road_injuries_,1125566,0.000204689
1992,Self_harm,770286,0.00014008
1992,Tuberculosis,1807740,0.000328745
1993,Acute_hepatitis,161899,2.90E-05
1993,Alcohol_use_disorders,143901,2.58E-05
1993,Alzheimer_s_disease_and_other_dementias,629571,0.000112794
1993,Cardiovascular_diseases,12802108,0.002293628
1993,Chronic_kidney_disease,647255,0.000115962
1993,Chronic_respiratory_diseases,3266612,0.000585247
1993,Cirrhosis_and_other_chronic_liver_diseases,1067730,0.000191295
1993,Conflict_and_terrorism,62733,1.12E-05
1993,Diabetes_mellitus,728077,0.000130442
1993,Diarrheal_diseases,2798615,0.0005014
1993,Digestive_diseases,1939556,0.000347491
1993,Drowning,445434,7.98E-05
1993,Drug_use_disorders,71603,1.28E-05
1993,Environmental_heat_and_cold_exposure,66812,1.20E-05
1993,Exposure_to_forces_of_nature,21369,3.83E-06
1993,Fire__heat__and_hot_substances,127493,2.28E-05
1993,HIV_AIDS,664463,0.000119045
1993,Interpersonal_violence,432858,7.76E-05
1993,Lower_respiratory_infections,3226972,0.000578145
1993,Malaria,862216,0.000154475
1993,Maternal_disorders,293564,5.26E-05
1993,Meningitis,420836,7.54E-05
1993,Neonatal_disorders,2924485,0.000523951
1993,Neoplasms,6167069,0.001104893
1993,Nutritional_deficiencies,674219,0.000120793
1993,Parkinson_s_disease,160249,2.87E-05
1993,Poisonings,90036,1.61E-05
1993,Protein_energy_malnutrition,583919,0.000104615
1993,Road_injuries_,1137444,0.000203785
1993,Self_harm,791904,0.000141878
1993,Tuberculosis,1774711,0.000317958
1994,Acute_hepatitis,159423,2.82E-05
1994,Alcohol_use_disorders,153859,2.72E-05
1994,Alzheimer_s_disease_and_other_dementias,652176,0.000115161
1994,Cardiovascular_diseases,13026289,0.002300184
1994,Chronic_kidney_disease,665365,0.00011749
1994,Chronic_respiratory_diseases,3297292,0.000582236
1994,Cirrhosis_and_other_chronic_liver_diseases,1089331,0.000192354
1994,Conflict_and_terrorism,566082,1.00E-04
1994,Diabetes_mellitus,751254,0.000132657
1994,Diarrheal_diseases,2740299,0.000483882
1994,Digestive_diseases,1967669,0.000347451
1994,Drowning,443350,7.83E-05
1994,Drug_use_disorders,76717,1.35E-05
1994,Environmental_heat_and_cold_exposure,72305,1.28E-05
1994,Exposure_to_forces_of_nature,12717,2.25E-06
1994,Fire__heat__and_hot_substances,129611,2.29E-05
1994,HIV_AIDS,800169,0.000141294
1994,Interpersonal_violence,441971,7.80E-05
1994,Lower_respiratory_infections,3187285,0.000562811
1994,Malaria,855671,0.000151095
1994,Maternal_disorders,293148,5.18E-05
1994,Meningitis,413799,7.31E-05
1994,Neonatal_disorders,2896505,0.000511465
1994,Neoplasms,6296066,0.00111176
1994,Nutritional_deficiencies,649801,0.000114742
1994,Parkinson_s_disease,164381,2.90E-05
1994,Poisonings,90897,1.61E-05
1994,Protein_energy_malnutrition,564046,9.96E-05
1994,Road_injuries_,1153642,0.00020371
1994,Self_harm,817682,0.000144386
1994,Tuberculosis,1753811,0.000309688
1995,Acute_hepatitis,157173,2.74E-05
1995,Alcohol_use_disorders,156714,2.73E-05
1995,Alzheimer_s_disease_and_other_dementias,674815,0.000117477
1995,Cardiovascular_diseases,13129252,0.002285649
1995,Chronic_kidney_disease,683701,0.000119024
1995,Chronic_respiratory_diseases,3313295,0.000576806
1995,Cirrhosis_and_other_chronic_liver_diseases,1104380,0.00019226
1995,Conflict_and_terrorism,67210,1.17E-05
1995,Diabetes_mellitus,773490,0.000134656
1995,Diarrheal_diseases,2673263,0.000465384
1995,Digestive_diseases,1984263,0.000345437
1995,Drowning,437303,7.61E-05
1995,Drug_use_disorders,79985,1.39E-05
1995,Environmental_heat_and_cold_exposure,72635,1.26E-05
1995,Exposure_to_forces_of_nature,19169,3.34E-06
1995,Fire__heat__and_hot_substances,128523,2.24E-05
1995,HIV_AIDS,938440,0.000163371
1995,Interpersonal_violence,444246,7.73E-05
1995,Lower_respiratory_infections,3148775,0.000548165
1995,Malaria,862626,0.000150173
1995,Maternal_disorders,290551,5.06E-05
1995,Meningitis,409826,7.13E-05
1995,Neonatal_disorders,2873608,0.000500261
1995,Neoplasms,6402881,0.001114666
1995,Nutritional_deficiencies,723095,0.000125882
1995,Parkinson_s_disease,168882,2.94E-05
1995,Poisonings,90353,1.57E-05
1995,Protein_energy_malnutrition,641084,0.000111605
1995,Road_injuries_,1162799,0.00020243
1995,Self_harm,825922,0.000143783
1995,Tuberculosis,1738759,0.000302698
1996,Acute_hepatitis,153406,2.63E-05
1996,Alcohol_use_disorders,156352,2.68E-05
1996,Alzheimer_s_disease_and_other_dementias,696665,0.000119601
1996,Cardiovascular_diseases,13213565,0.002268465
1996,Chronic_kidney_disease,704624,0.000120968
1996,Chronic_respiratory_diseases,3342591,0.000573846
1996,Cirrhosis_and_other_chronic_liver_diseases,1115241,0.000191461
1996,Conflict_and_terrorism,87324,1.50E-05
1996,Diabetes_mellitus,799023,0.000137174
1996,Diarrheal_diseases,2615313,0.000448989
1996,Digestive_diseases,1995513,0.000342584
1996,Drowning,423296,7.27E-05
1996,Drug_use_disorders,81704,1.40E-05
1996,Environmental_heat_and_cold_exposure,67602,1.16E-05
1996,Exposure_to_forces_of_nature,14866,2.55E-06
1996,Fire__heat__and_hot_substances,126804,2.18E-05
1996,HIV_AIDS,1061580,0.000182249
1996,Interpersonal_violence,432673,7.43E-05
1996,Lower_respiratory_infections,3091233,0.000530694
1996,Malaria,872476,0.000149784
1996,Maternal_disorders,287746,4.94E-05
1996,Meningitis,417259,7.16E-05
1996,Neonatal_disorders,2841042,0.000487742
1996,Neoplasms,6490603,0.001114287
1996,Nutritional_deficiencies,671977,0.000115363
1996,Parkinson_s_disease,173822,2.98E-05
1996,Poisonings,88861,1.53E-05
1996,Protein_energy_malnutrition,593826,0.000101946
1996,Road_injuries_,1162809,0.000199628
1996,Self_harm,820128,0.000140797
1996,Tuberculosis,1720903,0.000295439
1997,Acute_hepatitis,151902,2.57E-05
1997,Alcohol_use_disorders,155429,2.63E-05
1997,Alzheimer_s_disease_and_other_dementias,717342,0.000121479
1997,Cardiovascular_diseases,13339902,0.002259068
1997,Chronic_kidney_disease,731048,0.000123801
1997,Chronic_respiratory_diseases,3381872,0.000572709
1997,Cirrhosis_and_other_chronic_liver_diseases,1128962,0.000191186
1997,Conflict_and_terrorism,99263,1.68E-05
1997,Diabetes_mellitus,827734,0.000140174
1997,Diarrheal_diseases,2579027,0.00043675
1997,Digestive_diseases,2014659,0.000341176
1997,Drowning,413405,7.00E-05
1997,Drug_use_disorders,82572,1.40E-05
1997,Environmental_heat_and_cold_exposure,63823,1.08E-05
1997,Exposure_to_forces_of_nature,17852,3.02E-06
1997,Fire__heat__and_hot_substances,126274,2.14E-05
1997,HIV_AIDS,1174154,0.000198839
1997,Interpersonal_violence,427316,7.24E-05
1997,Lower_respiratory_infections,3047670,0.000516113
1997,Malaria,892946,0.000151217
1997,Maternal_disorders,289467,4.90E-05
1997,Meningitis,400893,6.79E-05
1997,Neonatal_disorders,2817527,0.000477139
1997,Neoplasms,6586074,0.00111533
1997,Nutritional_deficiencies,647682,0.000109683
1997,Parkinson_s_disease,179347,3.04E-05
1997,Poisonings,87371,1.48E-05
1997,Protein_energy_malnutrition,572372,9.69E-05
1997,Road_injuries_,1169798,0.000198101
1997,Self_harm,822649,0.000139313
1997,Tuberculosis,1726038,0.000292299
1998,Acute_hepatitis,149563,2.50E-05
1998,Alcohol_use_disorders,156282,2.61E-05
1998,Alzheimer_s_disease_and_other_dementias,738768,0.000123441
1998,Cardiovascular_diseases,13461489,0.002249282
1998,Chronic_kidney_disease,758681,0.000126768
1998,Chronic_respiratory_diseases,3401426,0.000568345
1998,Cirrhosis_and_other_chronic_liver_diseases,1141509,0.000190735
1998,Conflict_and_terrorism,108842,1.82E-05
1998,Diabetes_mellitus,854415,0.000142764
1998,Diarrheal_diseases,2544585,0.000425175
1998,Digestive_diseases,2030600,0.000339293
1998,Drowning,407205,6.80E-05
1998,Drug_use_disorders,85087,1.42E-05
1998,Environmental_heat_and_cold_exposure,64858,1.08E-05
1998,Exposure_to_forces_of_nature,48134,8.04E-06
1998,Fire__heat__and_hot_substances,124746,2.08E-05
1998,HIV_AIDS,1303651,0.000217827
1998,Interpersonal_violence,431984,7.22E-05
1998,Lower_respiratory_infections,2999755,0.000501229
1998,Malaria,901338,0.000150605
1998,Maternal_disorders,289304,4.83E-05
1998,Meningitis,393364,6.57E-05
1998,Neonatal_disorders,2793540,0.000466773
1998,Neoplasms,6703169,0.001120033
1998,Nutritional_deficiencies,620498,0.000103679
1998,Parkinson_s_disease,185097,3.09E-05
1998,Poisonings,86679,1.45E-05
1998,Protein_energy_malnutrition,549543,9.18E-05
1998,Road_injuries_,1177827,0.000196803
1998,Self_harm,829842,0.000138658
1998,Tuberculosis,1724307,0.000288115
1999,Acute_hepatitis,147017,2.42E-05
1999,Alcohol_use_disorders,160606,2.65E-05
1999,Alzheimer_s_disease_and_other_dementias,761620,0.000125592
1999,Cardiovascular_diseases,13720763,0.00226257
1999,Chronic_kidney_disease,785380,0.00012951
1999,Chronic_respiratory_diseases,3419612,0.000563898
1999,Cirrhosis_and_other_chronic_liver_diseases,1158552,0.000191047
1999,Conflict_and_terrorism,141860,2.34E-05
1999,Diabetes_mellitus,879521,0.000145034
1999,Diarrheal_diseases,2496957,0.000411751
1999,Digestive_diseases,2054201,0.00033874
1999,Drowning,397169,6.55E-05
1999,Drug_use_disorders,87336,1.44E-05
1999,Environmental_heat_and_cold_exposure,63375,1.05E-05
1999,Exposure_to_forces_of_nature,69591,1.15E-05
1999,Fire__heat__and_hot_substances,125921,2.08E-05
1999,HIV_AIDS,1439777,0.000237421
1999,Interpersonal_violence,440642,7.27E-05
1999,Lower_respiratory_infections,2950639,0.000486564
1999,Malaria,893788,0.000147387
1999,Maternal_disorders,288836,4.76E-05
1999,Meningitis,390136,6.43E-05
1999,Neonatal_disorders,2766241,0.000456156
1999,Neoplasms,6857548,0.001130818
1999,Nutritional_deficiencies,593417,9.79E-05
1999,Parkinson_s_disease,191538,3.16E-05
1999,Poisonings,87333,1.44E-05
1999,Protein_energy_malnutrition,527431,8.70E-05
1999,Road_injuries_,1195303,0.000197107
1999,Self_harm,840850,0.000138657
1999,Tuberculosis,1719130,0.000283487
2000,Acute_hepatitis,144124,2.35E-05
2000,Alcohol_use_disorders,166094,2.70E-05
2000,Alzheimer_s_disease_and_other_dementias,786615,0.00012804
2000,Cardiovascular_diseases,13957078,0.002271847
2000,Chronic_kidney_disease,814854,0.000132637
2000,Chronic_respiratory_diseases,3450006,0.000561571
2000,Cirrhosis_and_other_chronic_liver_diseases,1177628,0.000191687
2000,Conflict_and_terrorism,120011,1.95E-05
2000,Diabetes_mellitus,905965,0.000147467
2000,Diarrheal_diseases,2440570,0.000397261
2000,Digestive_diseases,2079551,0.000338496
2000,Drowning,387627,6.31E-05
2000,Drug_use_disorders,89690,1.46E-05
2000,Environmental_heat_and_cold_exposure,65450,1.07E-05
2000,Exposure_to_forces_of_nature,8918,1.45E-06
2000,Fire__heat__and_hot_substances,126659,2.06E-05
2000,HIV_AIDS,1559389,0.000253828
2000,Interpersonal_violence,450393,7.33E-05
2000,Lower_respiratory_infections,2895698,0.000471344
2000,Malaria,882055,0.000143575
2000,Maternal_disorders,287027,4.67E-05
2000,Meningitis,385994,6.28E-05
2000,Neonatal_disorders,2739290,0.000445885
2000,Neoplasms,7001927,0.00113973
2000,Nutritional_deficiencies,568454,9.25E-05
2000,Parkinson_s_disease,198545,3.23E-05
2000,Poisonings,88799,1.45E-05
2000,Protein_energy_malnutrition,505874,8.23E-05
2000,Road_injuries_,1212355,0.00019734
2000,Self_harm,839249,0.000136608
2000,Tuberculosis,1714428,0.000279064
2001,Acute_hepatitis,140143,2.25E-05
2001,Alcohol_use_disorders,170787,2.74E-05
2001,Alzheimer_s_disease_and_other_dementias,814526,0.000130897
2001,Cardiovascular_diseases,14185571,0.002279676
2001,Chronic_kidney_disease,842790,0.00013544
2001,Chronic_respiratory_diseases,3465831,0.000556972
2001,Cirrhosis_and_other_chronic_liver_diseases,1200250,0.000192885
2001,Conflict_and_terrorism,67069,1.08E-05
2001,Diabetes_mellitus,934841,0.000150233
2001,Diarrheal_diseases,2378465,0.000382228
2001,Digestive_diseases,2107791,0.00033873
2001,Drowning,375917,6.04E-05
2001,Drug_use_disorders,87325,1.40E-05
2001,Environmental_heat_and_cold_exposure,66743,1.07E-05
2001,Exposure_to_forces_of_nature,29497,4.74E-06
2001,Fire__heat__and_hot_substances,126427,2.03E-05
2001,HIV_AIDS,1662064,0.0002671
2001,Interpersonal_violence,451206,7.25E-05
2001,Lower_respiratory_infections,2830457,0.000454865
2001,Malaria,912709,0.000146676
2001,Maternal_disorders,282455,4.54E-05
2001,Meningitis,379912,6.11E-05
2001,Neonatal_disorders,2710195,0.000435539
2001,Neoplasms,7114269,0.00114329
2001,Nutritional_deficiencies,542565,8.72E-05
2001,Parkinson_s_disease,206194,3.31E-05
2001,Poisonings,89294,1.43E-05
2001,Protein_energy_malnutrition,483074,7.76E-05
2001,Road_injuries_,1224220,0.000196737
2001,Self_harm,820745,0.000131897
2001,Tuberculosis,1682360,0.000270362
2002,Acute_hepatitis,134941,2.14E-05
2002,Alcohol_use_disorders,175317,2.78E-05
2002,Alzheimer_s_disease_and_other_dementias,845695,0.0001342
2002,Cardiovascular_diseases,14501696,0.002301209
2002,Chronic_kidney_disease,874109,0.000138708
2002,Chronic_respiratory_diseases,3490310,0.000553862
2002,Cirrhosis_and_other_chronic_liver_diseases,1227607,0.000194803
2002,Conflict_and_terrorism,66414,1.05E-05
2002,Diabetes_mellitus,970544,0.000154011
2002,Diarrheal_diseases,2312641,0.000366983
2002,Digestive_diseases,2143976,0.000340218
2002,Drowning,361967,5.74E-05
2002,Drug_use_disorders,84750,1.34E-05
2002,Environmental_heat_and_cold_exposure,69939,1.11E-05
2002,Exposure_to_forces_of_nature,8908,1.41E-06
2002,Fire__heat__and_hot_substances,125532,1.99E-05
2002,HIV_AIDS,1746104,0.000277081
2002,Interpersonal_violence,462331,7.34E-05
2002,Lower_respiratory_infections,2788706,0.000442527
2002,Malaria,929195,0.00014745
2002,Maternal_disorders,276253,4.38E-05
2002,Meningitis,372298,5.91E-05
2002,Neonatal_disorders,2691320,0.000427073
2002,Neoplasms,7253993,0.001151103
2002,Nutritional_deficiencies,517754,8.22E-05
2002,Parkinson_s_disease,214930,3.41E-05
2002,Poisonings,89920,1.43E-05
2002,Protein_energy_malnutrition,462083,7.33E-05
2002,Road_injuries_,1237109,0.000196311
2002,Self_harm,811199,0.000128726
2002,Tuberculosis,1649490,0.00026175
2003,Acute_hepatitis,130158,2.04E-05
2003,Alcohol_use_disorders,178889,2.80E-05
2003,Alzheimer_s_disease_and_other_dementias,877011,0.000137437
2003,Cardiovascular_diseases,14710723,0.002305328
2003,Chronic_kidney_disease,902200,0.000141384
2003,Chronic_respiratory_diseases,3491643,0.000547178
2003,Cirrhosis_and_other_chronic_liver_diseases,1251776,0.000196167
2003,Conflict_and_terrorism,71044,1.11E-05
2003,Diabetes_mellitus,1000276,0.000156754
2003,Diarrheal_diseases,2242961,0.000351496
2003,Digestive_diseases,2173729,0.000340647
2003,Drowning,347745,5.45E-05
2003,Drug_use_disorders,82250,1.29E-05
2003,Environmental_heat_and_cold_exposure,71950,1.13E-05
2003,Exposure_to_forces_of_nature,35474,5.56E-06
2003,Fire__heat__and_hot_substances,125730,1.97E-05
2003,HIV_AIDS,1808445,0.000283403
2003,Interpersonal_violence,446701,7.00E-05
2003,Lower_respiratory_infections,2746549,0.000430414
2003,Malaria,959654,0.000150388
2003,Maternal_disorders,269425,4.22E-05
2003,Meningitis,369171,5.79E-05
2003,Neonatal_disorders,2671242,0.000418612
2003,Neoplasms,7388299,0.001157826
2003,Nutritional_deficiencies,417264,6.54E-05
2003,Parkinson_s_disease,222256,3.48E-05
2003,Poisonings,90634,1.42E-05
2003,Protein_energy_malnutrition,365742,5.73E-05
2003,Road_injuries_,1248216,0.000195609
2003,Self_harm,814533,0.000127646
2003,Tuberculosis,1612262,0.000252659
2004,Acute_hepatitis,127953,1.98E-05
2004,Alcohol_use_disorders,180491,2.79E-05
2004,Alzheimer_s_disease_and_other_dementias,909148,0.00014071
2004,Cardiovascular_diseases,14745985,0.002282251
2004,Chronic_kidney_disease,922921,0.000142841
2004,Chronic_respiratory_diseases,3462850,0.000535949
2004,Cirrhosis_and_other_chronic_liver_diseases,1266574,0.000196029
2004,Conflict_and_terrorism,70502,1.09E-05
2004,Diabetes_mellitus,1018138,0.000157578
2004,Diarrheal_diseases,2166496,0.000335311
2004,Digestive_diseases,2187927,0.000338628
2004,Drowning,338417,5.24E-05
2004,Drug_use_disorders,81843,1.27E-05
2004,Environmental_heat_and_cold_exposure,67144,1.04E-05
2004,Exposure_to_forces_of_nature,242430,3.75E-05
2004,Fire__heat__and_hot_substances,123651,1.91E-05
2004,HIV_AIDS,1842954,0.000285236
2004,Interpersonal_violence,440855,6.82E-05
2004,Lower_respiratory_infections,2697064,0.000417427
2004,Malaria,960784,0.000148701
2004,Maternal_disorders,265279,4.11E-05
2004,Meningitis,363462,5.63E-05
2004,Neonatal_disorders,2647814,0.000409805
2004,Neoplasms,7504504,0.001161479
2004,Nutritional_deficiencies,393952,6.10E-05
2004,Parkinson_s_disease,227695,3.52E-05
2004,Poisonings,91455,1.42E-05
2004,Protein_energy_malnutrition,345527,5.35E-05
2004,Road_injuries_,1258547,0.000194787
2004,Self_harm,819290,0.000126802
2004,Tuberculosis,1558519,0.000241214
2005,Acute_hepatitis,128197,1.96E-05
2005,Alcohol_use_disorders,181704,2.78E-05
2005,Alzheimer_s_disease_and_other_dementias,945619,0.000144548
2005,Cardiovascular_diseases,14995528,0.002292226
2005,Chronic_kidney_disease,956457,0.000146205
2005,Chronic_respiratory_diseases,3479174,0.000531829
2005,Cirrhosis_and_other_chronic_liver_diseases,1293978,0.000197798
2005,Conflict_and_terrorism,59507,9.10E-06
2005,Diabetes_mellitus,1050925,0.000160645
2005,Diarrheal_diseases,2125961,0.000324976
2005,Digestive_diseases,2226154,0.000340291
2005,Drowning,332705,5.09E-05
2005,Drug_use_disorders,84990,1.30E-05
2005,Environmental_heat_and_cold_exposure,68382,1.05E-05
2005,Exposure_to_forces_of_nature,88718,1.36E-05
2005,Fire__heat__and_hot_substances,124166,1.90E-05
2005,HIV_AIDS,1832074,0.000280052
2005,Interpersonal_violence,435946,6.66E-05
2005,Lower_respiratory_infections,2677818,0.000409333
2005,Malaria,940540,0.000143772
2005,Maternal_disorders,264407,4.04E-05
2005,Meningitis,361809,5.53E-05
2005,Neonatal_disorders,2620556,0.00040058
2005,Neoplasms,7653588,0.001169932
2005,Nutritional_deficiencies,376740,5.76E-05
2005,Parkinson_s_disease,236498,3.62E-05
2005,Poisonings,92064,1.41E-05
2005,Protein_energy_malnutrition,329849,5.04E-05
2005,Road_injuries_,1269243,0.000194017
2005,Self_harm,826133,0.000126283
2005,Tuberculosis,1532479,0.000234256
2006,Acute_hepatitis,124737,1.88E-05
2006,Alcohol_use_disorders,177747,2.68E-05
2006,Alzheimer_s_disease_and_other_dementias,982308,0.000148306
2006,Cardiovascular_diseases,14991661,0.002263399
2006,Chronic_kidney_disease,981743,0.000148221
2006,Chronic_respiratory_diseases,3461443,0.000522599
2006,Cirrhosis_and_other_chronic_liver_diseases,1300281,0.000196313
2006,Conflict_and_terrorism,74555,1.13E-05
2006,Diabetes_mellitus,1071057,0.000161705
2006,Diarrheal_diseases,2109339,0.000318462
2006,Digestive_diseases,2235326,0.000337483
2006,Drowning,319875,4.83E-05
2006,Drug_use_disorders,85421,1.29E-05
2006,Environmental_heat_and_cold_exposure,64630,9.76E-06
2006,Exposure_to_forces_of_nature,19918,3.01E-06
2006,Fire__heat__and_hot_substances,121265,1.83E-05
2006,HIV_AIDS,1767868,0.000266908
2006,Interpersonal_violence,427355,6.45E-05
2006,Lower_respiratory_infections,2645926,0.000399474
2006,Malaria,941746,0.000142182
2006,Maternal_disorders,259261,3.91E-05
2006,Meningitis,358973,5.42E-05
2006,Neonatal_disorders,2587061,0.000390587
2006,Neoplasms,7722732,0.001165956
2006,Nutritional_deficiencies,362476,5.47E-05
2006,Parkinson_s_disease,242749,3.66E-05
2006,Poisonings,89859,1.36E-05
2006,Protein_energy_malnutrition,316210,4.77E-05
2006,Road_injuries_,1267492,0.000191362
2006,Self_harm,814138,0.000122916
2006,Tuberculosis,1499369,0.00022637
2007,Acute_hepatitis,120512,1.80E-05
2007,Alcohol_use_disorders,174006,2.59E-05
2007,Alzheimer_s_disease_and_other_dementias,1022057,0.000152411
2007,Cardiovascular_diseases,15117363,0.002254322
2007,Chronic_kidney_disease,1010311,0.000150659
2007,Chronic_respiratory_diseases,3467408,0.000517065
2007,Cirrhosis_and_other_chronic_liver_diseases,1311974,0.000195643
2007,Conflict_and_terrorism,71286,1.06E-05
2007,Diabetes_mellitus,1092777,0.000162956
2007,Diarrheal_diseases,2076357,0.000309629
2007,Digestive_diseases,2251390,0.00033573
2007,Drowning,311889,4.65E-05
2007,Drug_use_disorders,85962,1.28E-05
2007,Environmental_heat_and_cold_exposure,59791,8.92E-06
2007,Exposure_to_forces_of_nature,16200,2.42E-06
2007,Fire__heat__and_hot_substances,119600,1.78E-05
2007,HIV_AIDS,1669306,0.000248929
2007,Interpersonal_violence,420025,6.26E-05
2007,Lower_respiratory_infections,2617221,0.000390284
2007,Malaria,940193,0.000140203
2007,Maternal_disorders,252551,3.77E-05
2007,Meningitis,352747,5.26E-05
2007,Neonatal_disorders,2549184,0.000380138
2007,Neoplasms,7850705,0.001170708
2007,Nutritional_deficiencies,347407,5.18E-05
2007,Parkinson_s_disease,250475,3.74E-05
2007,Poisonings,88475,1.32E-05
2007,Protein_energy_malnutrition,302088,4.50E-05
2007,Road_injuries_,1273318,0.000189879
2007,Self_harm,802521,0.000119673
2007,Tuberculosis,1470117,0.000219226
2008,Acute_hepatitis,117273,1.73E-05
2008,Alcohol_use_disorders,171613,2.53E-05
2008,Alzheimer_s_disease_and_other_dementias,1065297,0.000156913
2008,Cardiovascular_diseases,15402070,0.002268651
2008,Chronic_kidney_disease,1045743,0.000154033
2008,Chronic_respiratory_diseases,3510195,0.000517035
2008,Cirrhosis_and_other_chronic_liver_diseases,1330568,0.000195986
2008,Conflict_and_terrorism,64695,9.53E-06
2008,Diabetes_mellitus,1122287,0.000165307
2008,Diarrheal_diseases,2044769,0.000301185
2008,Digestive_diseases,2280070,0.000335843
2008,Drowning,304870,4.49E-05
2008,Drug_use_disorders,87077,1.28E-05
2008,Environmental_heat_and_cold_exposure,57763,8.51E-06
2008,Exposure_to_forces_of_nature,235751,3.47E-05
2008,Fire__heat__and_hot_substances,118269,1.74E-05
2008,HIV_AIDS,1559499,0.000229707
2008,Interpersonal_violence,422800,6.23E-05
2008,Lower_respiratory_infections,2603124,0.000383428
2008,Malaria,932910,0.000137413
2008,Maternal_disorders,247899,3.65E-05
2008,Meningitis,343452,5.06E-05
2008,Neonatal_disorders,2515772,0.000370561
2008,Neoplasms,8027173,0.001182364
2008,Nutritional_deficiencies,335623,4.94E-05
2008,Parkinson_s_disease,260382,3.84E-05
2008,Poisonings,88687,1.31E-05
2008,Protein_energy_malnutrition,290690,4.28E-05
2008,Road_injuries_,1284333,0.000189176
2008,Self_harm,797570,0.000117478
2008,Tuberculosis,1447516,0.000213212
2009,Acute_hepatitis,112643,1.64E-05
2009,Alcohol_use_disorders,166736,2.43E-05
2009,Alzheimer_s_disease_and_other_dementias,1109405,0.00016142
2009,Cardiovascular_diseases,15552545,0.002262923
2009,Chronic_kidney_disease,1074048,0.000156276
2009,Chronic_respiratory_diseases,3498126,0.000508984
2009,Cirrhosis_and_other_chronic_liver_diseases,1330408,0.000193577
2009,Conflict_and_terrorism,71582,1.04E-05
2009,Diabetes_mellitus,1142391,0.00016622
2009,Diarrheal_diseases,1977248,0.000287693
2009,Digestive_diseases,2279806,0.000331716
2009,Drowning,296871,4.32E-05
2009,Drug_use_disorders,87025,1.27E-05
2009,Environmental_heat_and_cold_exposure,54835,7.98E-06
2009,Exposure_to_forces_of_nature,10975,1.60E-06
2009,Fire__heat__and_hot_substances,116177,1.69E-05
2009,HIV_AIDS,1453258,0.000211452
2009,Interpersonal_violence,422750,6.15E-05
2009,Lower_respiratory_infections,2571405,0.000374144
2009,Malaria,917796,0.000133541
2009,Maternal_disorders,244175,3.55E-05
2009,Meningitis,336868,4.90E-05
2009,Neonatal_disorders,2475066,0.000360127
2009,Neoplasms,8167640,0.001188406
2009,Nutritional_deficiencies,322879,4.70E-05
2009,Parkinson_s_disease,267738,3.90E-05
2009,Poisonings,87902,1.28E-05
2009,Protein_energy_malnutrition,279325,4.06E-05
2009,Road_injuries_,1281669,0.000186485
2009,Self_harm,785883,0.000114347
2009,Tuberculosis,1405491,0.000204501
2010,Acute_hepatitis,109556,1.57E-05
2010,Alcohol_use_disorders,164313,2.36E-05
2010,Alzheimer_s_disease_and_other_dementias,1155944,0.00016616
2010,Cardiovascular_diseases,15838151,0.002276635
2010,Chronic_kidney_disease,1107473,0.000159192
2010,Chronic_respiratory_diseases,3509920,0.000504529
2010,Cirrhosis_and_other_chronic_liver_diseases,1340704,0.000192718
2010,Conflict_and_terrorism,54467,7.83E-06
2010,Diabetes_mellitus,1165663,0.000167557
2010,Diarrheal_diseases,1928704,0.000277239
2010,Digestive_diseases,2298319,0.000330369
2010,Drowning,290831,4.18E-05
2010,Drug_use_disorders,88079,1.27E-05
2010,Environmental_heat_and_cold_exposure,58674,8.43E-06
2010,Exposure_to_forces_of_nature,241002,3.46E-05
2010,Fire__heat__and_hot_substances,115329,1.66E-05
2010,HIV_AIDS,1364619,0.000196155
2010,Interpersonal_violence,417449,6.00E-05
2010,Lower_respiratory_infections,2545622,0.000365917
2010,Malaria,909814,0.00013078
2010,Maternal_disorders,239749,3.45E-05
2010,Meningitis,326778,4.70E-05
2010,Neonatal_disorders,2428939,0.000349145
2010,Neoplasms,8329288,0.001197283
2010,Nutritional_deficiencies,322187,4.63E-05
2010,Parkinson_s_disease,276188,3.97E-05
2010,Poisonings,87632,1.26E-05
2010,Protein_energy_malnutrition,279144,4.01E-05
2010,Road_injuries_,1278839,0.000183825
2010,Self_harm,784456,0.000112761
2010,Tuberculosis,1364942,0.000196202
2011,Acute_hepatitis,106549,1.51E-05
2011,Alcohol_use_disorders,161372,2.29E-05
2011,Alzheimer_s_disease_and_other_dementias,1201138,0.000170587
2011,Cardiovascular_diseases,16038263,0.002277776
2011,Chronic_kidney_disease,1143219,0.000162362
2011,Chronic_respiratory_diseases,3539167,0.000502637
2011,Cirrhosis_and_other_chronic_liver_diseases,1348880,0.00019157
2011,Conflict_and_terrorism,62900,8.93E-06
2011,Diabetes_mellitus,1197995,0.000170141
2011,Diarrheal_diseases,1902762,0.000270233
2011,Digestive_diseases,2316484,0.00032899
2011,Drowning,281106,3.99E-05
2011,Drug_use_disorders,89322,1.27E-05
2011,Environmental_heat_and_cold_exposure,51638,7.33E-06
2011,Exposure_to_forces_of_nature,31850,4.52E-06
2011,Fire__heat__and_hot_substances,113655,1.61E-05
2011,HIV_AIDS,1283719,0.000182316
2011,Interpersonal_violence,413880,5.88E-05
2011,Lower_respiratory_infections,2527899,0.000359016
2011,Malaria,868564,0.000123355
2011,Maternal_disorders,234669,3.33E-05
2011,Meningitis,312733,4.44E-05
2011,Neonatal_disorders,2383664,0.000338531
2011,Neoplasms,8468793,0.00120275
2011,Nutritional_deficiencies,314327,4.46E-05
2011,Parkinson_s_disease,284488,4.04E-05
2011,Poisonings,86099,1.22E-05
2011,Protein_energy_malnutrition,271516,3.86E-05
2011,Road_injuries_,1267737,0.000180046
2011,Self_harm,777218,0.000110382
2011,Tuberculosis,1331697,0.000189129
2012,Acute_hepatitis,104589,1.47E-05
2012,Alcohol_use_disorders,159381,2.24E-05
2012,Alzheimer_s_disease_and_other_dementias,1247515,0.000175069
2012,Cardiovascular_diseases,16245243,0.002279769
2012,Chronic_kidney_disease,1176295,0.000165075
2012,Chronic_respiratory_diseases,3558276,0.000499349
2012,Cirrhosis_and_other_chronic_liver_diseases,1354358,0.000190063
2012,Conflict_and_terrorism,112295,1.58E-05
2012,Diabetes_mellitus,1236606,0.000173539
2012,Diarrheal_diseases,1834769,0.000257482
2012,Digestive_diseases,2329472,0.000326905
2012,Drowning,275585,3.87E-05
2012,Drug_use_disorders,90934,1.28E-05
2012,Environmental_heat_and_cold_exposure,51418,7.22E-06
2012,Exposure_to_forces_of_nature,8959,1.26E-06
2012,Fire__heat__and_hot_substances,112090,1.57E-05
2012,HIV_AIDS,1198698,0.000168219
2012,Interpersonal_violence,417694,5.86E-05
2012,Lower_respiratory_infections,2526051,0.000354492
2012,Malaria,806183,0.000113135
2012,Maternal_disorders,227177,3.19E-05
2012,Meningitis,300091,4.21E-05
2012,Neonatal_disorders,2339979,0.00032838
2012,Neoplasms,8611952,0.001208555
2012,Nutritional_deficiencies,298117,4.18E-05
2012,Parkinson_s_disease,293123,4.11E-05
2012,Poisonings,84595,1.19E-05
2012,Protein_energy_malnutrition,255541,3.59E-05
2012,Road_injuries_,1255450,0.000176183
2012,Self_harm,767020,0.000107639
2012,Tuberculosis,1318198,0.000184989
2013,Acute_hepatitis,98898,1.37E-05
2013,Alcohol_use_disorders,158848,2.20E-05
2013,Alzheimer_s_disease_and_other_dementias,1294701,0.000179556
2013,Cardiovascular_diseases,16490053,0.002286924
2013,Chronic_kidney_disease,1214187,0.00016839
2013,Chronic_respiratory_diseases,3610804,0.000500765
2013,Cirrhosis_and_other_chronic_liver_diseases,1359145,0.000188493
2013,Conflict_and_terrorism,117364,1.63E-05
2013,Diabetes_mellitus,1277414,0.000177158
2013,Diarrheal_diseases,1788081,0.00024798
2013,Digestive_diseases,2348963,0.000325766
2013,Drowning,266827,3.70E-05
2013,Drug_use_disorders,94562,1.31E-05
2013,Environmental_heat_and_cold_exposure,49503,6.87E-06
2013,Exposure_to_forces_of_nature,26906,3.73E-06
2013,Fire__heat__and_hot_substances,111818,1.55E-05
2013,HIV_AIDS,1126196,0.000156187
2013,Interpersonal_violence,415620,5.76E-05
2013,Lower_respiratory_infections,2537037,0.000351849
2013,Malaria,751776,0.00010426
2013,Maternal_disorders,223473,3.10E-05
2013,Meningitis,289502,4.01E-05
2013,Neonatal_disorders,2299343,0.000318885
2013,Neoplasms,8757263,0.001214502
2013,Nutritional_deficiencies,291451,4.04E-05
2013,Parkinson_s_disease,303488,4.21E-05
2013,Poisonings,83618,1.16E-05
2013,Protein_energy_malnutrition,249435,3.46E-05
2013,Road_injuries_,1232221,0.000170891
2013,Self_harm,755568,0.000104786
2013,Tuberculosis,1307485,0.000181329
2014,Acute_hepatitis,92845,1.27E-05
2014,Alcohol_use_disorders,159291,2.18E-05
2014,Alzheimer_s_disease_and_other_dementias,1343756,0.000184195
2014,Cardiovascular_diseases,16715810,0.002291315
2014,Chronic_kidney_disease,1247378,0.000170984
2014,Chronic_respiratory_diseases,3651653,0.000500549
2014,Cirrhosis_and_other_chronic_liver_diseases,1363403,0.000186888
2014,Conflict_and_terrorism,187939,2.58E-05
2014,Diabetes_mellitus,1320608,0.000181022
2014,Diarrheal_diseases,1725693,0.000236549
2014,Digestive_diseases,2364063,0.000324053
2014,Drowning,258489,3.54E-05
2014,Drug_use_disorders,99295,1.36E-05
2014,Environmental_heat_and_cold_exposure,48775,6.69E-06
2014,Exposure_to_forces_of_nature,7412,1.02E-06
2014,Fire__heat__and_hot_substances,110102,1.51E-05
2014,HIV_AIDS,1072970,0.000147077
2014,Interpersonal_violence,413371,5.67E-05
2014,Lower_respiratory_infections,2532104,0.000347087
2014,Malaria,724324,9.93E-05
2014,Maternal_disorders,214881,2.95E-05
2014,Meningitis,280438,3.84E-05
2014,Neonatal_disorders,2237472,0.000306701
2014,Neoplasms,8920309,0.001222749
2014,Nutritional_deficiencies,284578,3.90E-05
2014,Parkinson_s_disease,312928,4.29E-05
2014,Poisonings,81976,1.12E-05
2014,Protein_energy_malnutrition,242956,3.33E-05
2014,Road_injuries_,1213989,0.000166407
2014,Self_harm,744751,0.000102087
2014,Tuberculosis,1294816,0.000177487
2015,Acute_hepatitis,88750,1.20E-05
2015,Alcohol_use_disorders,160713,2.18E-05
2015,Alzheimer_s_disease_and_other_dementias,1394942,0.000189022
2015,Cardiovascular_diseases,17089707,0.002315742
2015,Chronic_kidney_disease,1286935,0.000174386
2015,Chronic_respiratory_diseases,3690907,0.000500137
2015,Cirrhosis_and_other_chronic_liver_diseases,1384947,0.000187667
2015,Conflict_and_terrorism,167030,2.26E-05
2015,Diabetes_mellitus,1366100,0.000185113
2015,Diarrheal_diseases,1679043,0.000227519
2015,Digestive_diseases,2404387,0.000325807
2015,Drowning,254237,3.45E-05
2015,Drug_use_disorders,105401,1.43E-05
2015,Environmental_heat_and_cold_exposure,51665,7.00E-06
2015,Exposure_to_forces_of_nature,15583,2.11E-06
2015,Fire__heat__and_hot_substances,110167,1.49E-05
2015,HIV_AIDS,1029667,0.000139525
2015,Interpersonal_violence,416362,5.64E-05
2015,Lower_respiratory_infections,2533068,0.000343244
2015,Malaria,702890,9.52E-05
2015,Maternal_disorders,208450,2.82E-05
2015,Meningitis,267789,3.63E-05
2015,Neonatal_disorders,2183143,0.000295827
2015,Neoplasms,9133616,0.001237651
2015,Nutritional_deficiencies,278793,3.78E-05
2015,Parkinson_s_disease,321782,4.36E-05
2015,Poisonings,80974,1.10E-05
2015,Protein_energy_malnutrition,237723,3.22E-05
2015,Road_injuries_,1201418,0.000162798
2015,Self_harm,742648,0.000100633
2015,Tuberculosis,1267556,0.00017176
2016,Acute_hepatitis,84726,1.14E-05
2016,Alcohol_use_disorders,162047,2.17E-05
2016,Alzheimer_s_disease_and_other_dementias,1451840,0.000194512
2016,Cardiovascular_diseases,17398709,0.00233101
2016,Chronic_kidney_disease,1325004,0.000177519
2016,Chronic_respiratory_diseases,3740794,0.000501177
2016,Cirrhosis_and_other_chronic_liver_diseases,1404134,0.00018812
2016,Conflict_and_terrorism,161637,2.17E-05
2016,Diabetes_mellitus,1412896,0.000189294
2016,Diarrheal_diseases,1639826,0.000219697
2016,Digestive_diseases,2439649,0.000326854
2016,Drowning,248811,3.33E-05
2016,Drug_use_disorders,112875,1.51E-05
2016,Environmental_heat_and_cold_exposure,47495,6.36E-06
2016,Exposure_to_forces_of_nature,8672,1.16E-06
2016,Fire__heat__and_hot_substances,109840,1.47E-05
2016,HIV_AIDS,996098,0.000133453
2016,Interpersonal_violence,412500,5.53E-05
2016,Lower_respiratory_infections,2516135,0.000337102
2016,Malaria,660364,8.85E-05
2016,Maternal_disorders,203737,2.73E-05
2016,Meningitis,261246,3.50E-05
2016,Neonatal_disorders,2099079,0.000281226
2016,Neoplasms,9336894,0.00125092
2016,Nutritional_deficiencies,273191,3.66E-05
2016,Parkinson_s_disease,330736,4.43E-05
2016,Poisonings,79951,1.07E-05
2016,Protein_energy_malnutrition,232544,3.12E-05
2016,Road_injuries_,1193556,0.000159908
2016,Self_harm,742925,9.95E-05
2016,Tuberculosis,1249524,0.000167406
2017,Acute_hepatitis,82472,1.09E-05
2017,Alcohol_use_disorders,162599,2.15E-05
2017,Alzheimer_s_disease_and_other_dementias,1509646,0.00020001
2017,Cardiovascular_diseases,17685890,0.002343166
2017,Chronic_kidney_disease,1351349,0.000179037
2017,Chronic_respiratory_diseases,3795946,0.000502917
2017,Cirrhosis_and_other_chronic_liver_diseases,1425956,0.000188922
2017,Conflict_and_terrorism,130737,1.73E-05
2017,Diabetes_mellitus,1454681,0.000192728
2017,Diarrheal_diseases,1632183,0.000216245
2017,Digestive_diseases,2478029,0.000328309
2017,Drowning,241842,3.20E-05
2017,Drug_use_disorders,118324,1.57E-05
2017,Environmental_heat_and_cold_exposure,46276,6.13E-06
2017,Exposure_to_forces_of_nature,13309,1.76E-06
2017,Fire__heat__and_hot_substances,109165,1.45E-05
2017,HIV_AIDS,947006,0.000125467
2017,Interpersonal_violence,417143,5.53E-05
2017,Lower_respiratory_infections,2487918,0.000329619
2017,Malaria,629653,8.34E-05
2017,Maternal_disorders,199197,2.64E-05
2017,Meningitis,250132,3.31E-05
2017,Neonatal_disorders,2014896,0.000266949
2017,Neoplasms,9529491,0.001262542
2017,Nutritional_deficiencies,267463,3.54E-05
2017,Parkinson_s_disease,339343,4.50E-05
2017,Poisonings,78484,1.04E-05
2017,Protein_energy_malnutrition,227038,3.01E-05
2017,Road_injuries_,1188281,0.000157433
2017,Self_harm,743620,9.85E-05
2017,Tuberculosis,1231689,0.000163184
2018,Acute_hepatitis,80894,1.06E-05
2018,Alcohol_use_disorders,165462,2.17E-05
2018,Alzheimer_s_disease_and_other_dementias,1568617,0.000205556
2018,Cardiovascular_diseases,18113910,0.002373699
2018,Chronic_kidney_disease,1387668,0.000181844
2018,Chronic_respiratory_diseases,3886637,0.000509316
2018,Cirrhosis_and_other_chronic_liver_diseases,1447651,0.000189704
2018,Conflict_and_terrorism,103407,1.36E-05
2018,Diabetes_mellitus,1501633,0.000196778
2018,Diarrheal_diseases,1577953,0.000206779
2018,Digestive_diseases,2515213,0.000329601
2018,Drowning,240266,3.15E-05
2018,Drug_use_disorders,123095,1.61E-05
2018,Environmental_heat_and_cold_exposure,46272,6.06E-06
2018,Exposure_to_forces_of_nature,11082,1.45E-06
2018,Fire__heat__and_hot_substances,110642,1.45E-05
2018,HIV_AIDS,892341,0.000116935
2018,Interpersonal_violence,419249,5.49E-05
2018,Lower_respiratory_infections,2486438,0.00032583
2018,Malaria,631568,8.28E-05
2018,Maternal_disorders,198069,2.60E-05
2018,Meningitis,241666,3.17E-05
2018,Neonatal_disorders,1942350,0.000254531
2018,Neoplasms,9791758,0.00128314
2018,Nutritional_deficiencies,258094,3.38E-05
2018,Parkinson_s_disease,351322,4.60E-05
2018,Poisonings,77805,1.02E-05
2018,Protein_energy_malnutrition,218222,2.86E-05
2018,Road_injuries_,1195919,0.000156717
2018,Self_harm,755125,9.90E-05
2018,Tuberculosis,1204916,0.000157896
2019,Acute_hepatitis,79099,1.03E-05
2019,Alcohol_use_disorders,167781,2.18E-05
2019,Alzheimer_s_disease_and_other_dementias,1620797,0.000210126
2019,Cardiovascular_diseases,18525078,0.002401654
2019,Chronic_kidney_disease,1424000,0.000184612
2019,Chronic_respiratory_diseases,3970744,0.000514781
2019,Cirrhosis_and_other_chronic_liver_diseases,1468203,0.000190343
2019,Conflict_and_terrorism,62932,8.16E-06
2019,Diabetes_mellitus,1546628,0.00020051
2019,Diarrheal_diseases,1533219,0.000198772
2019,Digestive_diseases,2552294,0.000330888
2019,Drowning,236750,3.07E-05
2019,Drug_use_disorders,127995,1.66E-05
2019,Environmental_heat_and_cold_exposure,47432,6.15E-06
2019,Exposure_to_forces_of_nature,6072,7.87E-07
2019,Fire__heat__and_hot_substances,111055,1.44E-05
2019,HIV_AIDS,861694,0.000111713
2019,Interpersonal_violence,412164,5.34E-05
2019,Lower_respiratory_infections,2489462,0.000322742
2019,Malaria,643196,8.34E-05
2019,Maternal_disorders,196075,2.54E-05
2019,Meningitis,235867,3.06E-05
2019,Neonatal_disorders,1878065,0.000243479
2019,Neoplasms,10063467,0.001304662
2019,Nutritional_deficiencies,250947,3.25E-05
2019,Parkinson_s_disease,362256,4.70E-05
2019,Poisonings,77081,9.99E-06
2019,Protein_energy_malnutrition,211654,2.74E-05
2019,Road_injuries_,1194907,0.000154912
2019,Self_harm,758026,9.83E-05
2019,Tuberculosis,1178483,0.000152783